,термин,частота (ipm),1960-е,1970-е,1980-е,1990-е,2000-е,2010-е,2020-е,DP,D,R
1,ассоциативный тезаурус современный русский язык,03.03,0.0,0.0,0.0,0.6,3.1,2.9,0.0,0.4805,88.41,76.0
2,грамматика современный башкирский литературный язык,2.71,0.0,0.2,2.0,1.8,2.8,1.8,0.0,0.6622,81.75,51.0
3,грамматика современный русский литературный язык,15.66,2.4,8.5,19.6,19.6,15.8,6.1,2.4,0.3103,92.96,116.0
4,грамматика современный турецкий литературный язык,3.67,0.0,19.4,7.4,1.8,2.3,1.2,0.5,0.6272,84.46,59.0
5,грамматика современный узбекский литературный язык,3.5,1.2,16.8,7.6,1.6,2.3,1.0,0.0,0.6461,83.97,53.0
6,грамматика современный якутский литературный язык,1.81,0.0,0.0,0.8,1.0,2.0,1.3,0.5,0.6796,80.5,45.0
7,грамматический строй современный русский язык,2.22,3.6,0.2,1.0,2.3,2.6,1.0,0.0,0.4911,87.1,74.0
8,диалогический речь современный английский язык,02.03,0.0,0.0,2.2,2.7,2.2,0.9,0.0,0.5377,87.01,68.0
9,единица словообразовательный система русский язык,2.83,0.0,0.0,0.0,2.2,3.1,2.1,0.5,0.4905,88.96,77.0
10,закономерность стилистический использование языковый единица,5.39,0.0,0.0,4.8,5.7,5.9,2.5,0.9,0.3203,93.02,105.0
11,исторический грамматика русский литературный язык,2.21,2.4,0.7,2.9,3.5,2.0,1.1,0.0,0.4664,88.05,78.0
12,исторический развитие лексика тюркский язык,2.55,1.2,6.4,3.1,2.0,2.3,1.1,0.5,0.605,84.83,60.0
13,история лексика русский литературный язык,2.37,0.0,0.3,1.6,3.5,2.7,0.9,0.0,0.4947,87.32,76.0
14,коннотативный аспект семантика номинативный единица,14.93,0.0,0.0,0.3,14.1,17.3,9.1,3.3,0.3334,93.16,103.0
15,конструкция современный русский литературный язык,2.23,0.0,0.2,1.0,3.3,2.4,1.1,0.0,0.4335,89.51,82.0
16,лексика современный русский литературный язык,3.43,6.0,2.3,5.4,3.5,3.2,1.5,0.5,0.3882,91.32,101.0
17,лексический атлас русский народный говор,12.14,0.0,0.0,0.3,7.2,13.3,9.2,3.3,0.6142,82.58,80.0
18,лексический система современный русский язык,2.28,0.0,0.3,1.2,1.6,2.3,1.6,2.8,0.3942,90.98,92.0
19,лингвистический основа балканский модель мир,3.27,0.0,0.0,0.0,2.8,4.2,1.6,0.0,0.3914,91.05,89.0
20,механизм экспрессивный окраска языковой единица,2.32,0.0,0.0,0.0,2.2,2.7,1.5,0.5,0.4267,90.38,83.0
21,морфологический категория современный русский язык,2.78,0.0,0.0,1.8,4.1,3.0,1.2,0.0,0.4228,90.67,84.0
22,национальный культурный аспект оценочный семантика,2,0.0,0.0,0.0,0.9,2.4,1.4,0.0,0.4737,89.17,73.0
23,национальный культурный специфика речевой общение,2.38,0.0,0.0,0.5,2.1,2.8,1.4,0.0,0.468,87.65,81.0
24,национальный культурный специфика речевой поведение,10.92,0.0,0.2,4.4,13.5,12.8,4.8,1.4,0.3772,90.61,108.0
25,национальный социокультурный стереотип речевой общение,3.85,0.0,0.0,0.0,0.9,4.4,3.1,0.5,0.4591,90.24,81.0
26,новый лексика современный английский язык,2.17,0.0,0.0,0.0,1.7,2.2,1.8,0.5,0.4834,88.29,75.0
27,норма современный русский литературный язык,3.1,8.4,2.6,2.4,2.5,3.1,1.7,0.5,0.3667,89.78,100.0
28,основной тип лексический значение слово,10.08,0.0,1.8,14.0,10.9,9.9,4.9,1.4,0.2971,93.09,114.0
29,особенность язык современный газетный публицистика,1.77,0.0,0.0,0.6,1.6,1.9,1.2,0.0,0.4394,89.26,77.0
30,развитие лексика современный русский язык,6.34,1.2,0.0,8.5,7.0,5.9,3.7,0.0,0.3281,92.37,106.0
31,развитие синтаксис современный русский язык,1.94,6.0,1.1,2.9,2.3,1.9,0.6,0.0,0.4525,90.09,81.0
32,развитие фонетика современный русский язык,2.36,0.0,0.2,3.4,3.4,2.3,0.9,0.5,0.4703,86.11,82.0
33,семантика языковой единица разный уровень,3.33,0.0,0.0,0.5,3.4,3.6,2.2,0.0,0.4533,88.66,85.0
34,синонимика современный русский литературный язык,3.12,1.2,0.3,3.8,3.5,3.4,1.2,0.5,0.4788,88.45,82.0
35,синтаксис современный русский литературный язык,3.17,1.2,1.1,4.4,4.3,3.3,1.0,0.9,0.4203,89.5,95.0
36,словарный состав русский литературный язык,5.57,4.8,4.2,6.5,6.1,5.2,2.9,0.5,0.3215,92.23,115.0
37,словарный состав современный английский язык,3.72,0.0,0.2,4.8,3.0,3.3,2.5,0.9,0.4993,88.2,84.0
38,сравнительно исторический грамматика тюркский язык,10.61,0.0,5.1,8.6,6.0,9.0,8.9,5.6,0.5261,86.24,89.0
39,сравнительно исторический лексика дагестанский язык,1.97,0.0,0.7,0.5,1.2,1.9,1.6,0.0,0.7304,79.92,37.0
40,стиль современный русский литературный язык,04.04,1.2,0.3,3.0,5.5,4.2,2.0,1.4,0.3982,90.59,103.0
41,теоретический грамматика современный английский язык,6.44,0.0,0.0,8.3,4.7,5.4,5.1,0.5,0.4685,89.11,92.0
42,типологический описание современный германский язык,02.01,0.0,1.1,4.0,2.2,1.8,0.8,0.0,0.519,86.76,74.0
43,фонетика современный русский литературный язык,2,0.0,0.3,2.5,1.4,2.1,1.0,1.4,0.4147,90.42,87.0
44,фрагмент русский языковой картина мир,17.94,0.0,0.0,0.0,8.4,20.6,13.1,4.7,0.369,90.72,107.0
45,фразеологический единица современный русский язык,3.69,0.0,0.2,3.2,2.9,3.7,2.5,0.0,0.3736,91.17,97.0
46,функциональный синтаксис современный английский язык,3.26,0.0,0.0,4.9,5.4,3.2,1.1,0.9,0.457,88.34,87.0
47,функциональный стиль современный русский язык,3.38,1.2,0.8,5.2,4.1,3.4,1.3,0.5,0.387,91.06,96.0
48,часть речь современный русский язык,02.05,0.0,0.0,0.9,2.0,2.3,1.1,0.0,0.5143,87.93,69.0
49,эмоционально чувственный компонент значение слово,1.78,0.0,0.0,0.0,0.0,2.1,1.4,0.9,0.5069,85.63,66.0
50,языковой сознание носитель русский язык,1.8,0.0,0.0,0.2,0.3,1.4,2.1,2.4,0.5065,86.4,72.0
